Teil;Gruppe;Anzahl;Material;Druckgroesse x [mm];y [mm];z [mm];Masse je Teil [g];Hinweis
W0_Mittelstueck;Flügel;1;LW-PLA;199.8;160.0;23.8;57.5;4 Schraubendome für M3, Kabelaustritt unten
W1_rechts;Flügel;1;LW-PLA;199.8;202.5;23.8;54.6;mit Servoschacht für das Klappenservo
W1_links;Flügel;1;LW-PLA;199.8;202.5;23.8;54.6;mit Servoschacht für das Klappenservo
K1_Landeklappe_rechts;Querruder;1;LW-PLA;64.1;191.3;14.4;30.5;"Landeklappe 0..35° nach unten; Horn-Schlitz an der Unterseite"
K1_Landeklappe_links;Querruder;1;LW-PLA;64.1;191.3;14.4;30.5;"Landeklappe 0..35° nach unten; Horn-Schlitz an der Unterseite"
W2_rechts;Flügel;1;LW-PLA;200.0;204.1;24.0;52.6;mit Servoschacht für 9-g-Servo (Querruder)
W2_links;Flügel;1;LW-PLA;200.0;204.1;24.0;52.6;mit Servoschacht für 9-g-Servo (Querruder)
Q1_Querruder_innen_rechts;Querruder;1;LW-PLA;77.6;154.1;14.0;21.5;"Horn-Schlitz an der Unterseite; mit Q2 zu einem Ruder verkleben"
Q1_Querruder_innen_links;Querruder;1;LW-PLA;77.6;154.1;14.0;21.5;"Horn-Schlitz an der Unterseite; mit Q2 zu einem Ruder verkleben"
W3_rechts;Flügel;1;LW-PLA;147.0;203.1;20.4;41.6;mit abgerundetem Randbogen
W3_links;Flügel;1;LW-PLA;147.0;203.1;20.4;41.6;mit abgerundetem Randbogen
Q2_Querruder_aussen_rechts;Querruder;1;LW-PLA;71.1;164.2;12.4;18.3;
Q2_Querruder_aussen_links;Querruder;1;LW-PLA;71.1;164.2;12.4;18.3;
H1_Hoehenflosse_rechts_oben;Leitwerk;1;LW-PLA;103.9;205.0;6.5;7.9;CFK-Stab Ø4 als Holm durch beide Hälften
H1_Hoehenflosse_rechts_unten;Leitwerk;1;LW-PLA;103.9;204.9;6.5;7.9;CFK-Stab Ø4 als Holm durch beide Hälften
H1_Hoehenflosse_links_oben;Leitwerk;1;LW-PLA;103.9;205.0;6.5;7.9;CFK-Stab Ø4 als Holm durch beide Hälften
H1_Hoehenflosse_links_unten;Leitwerk;1;LW-PLA;103.9;204.9;6.5;7.9;CFK-Stab Ø4 als Holm durch beide Hälften
H2_Hoehenruder_rechts_oben;Leitwerk;1;LW-PLA;72.0;177.1;5.3;8.0;"2-mm-CFK-Stab verbindet beide Hälften; Horn nur an einer Seite"
H2_Hoehenruder_rechts_unten;Leitwerk;1;LW-PLA;72.0;177.1;5.2;8.0;"2-mm-CFK-Stab verbindet beide Hälften; Horn nur an einer Seite"
H2_Hoehenruder_links_oben;Leitwerk;1;LW-PLA;72.0;177.1;5.3;8.0;"2-mm-CFK-Stab verbindet beide Hälften; Horn nur an einer Seite"
H2_Hoehenruder_links_unten;Leitwerk;1;LW-PLA;72.0;177.1;5.2;8.0;"2-mm-CFK-Stab verbindet beide Hälften; Horn nur an einer Seite"
S1_Seitenflosse_oben;Leitwerk;1;LW-PLA;205.0;175.0;9.3;10.3;unterste 15 mm stecken im Heck (Schlitz im Rumpf)
S1_Seitenflosse_unten;Leitwerk;1;LW-PLA;205.0;175.0;9.3;10.3;unterste 15 mm stecken im Heck (Schlitz im Rumpf)
S2_Seitenruder_oben;Leitwerk;1;LW-PLA;81.8;116.2;6.7;6.9;
S2_Seitenruder_unten;Leitwerk;1;LW-PLA;81.8;116.2;6.7;6.9;
S4_Seitenruderhebel;Leitwerk;1;PETG;20.5;10.0;8.0;1.1;"klemmt mit M3-Madenschraube auf der Ø2-Ruderwelle; Zugang durch die Wartungsöffnung links im Heck"
Ruderhorn;Kleinteile;5;PETG;14.0;18.5;1.8;0.3;je 1x Querruder links/rechts, Landeklappe links/rechts, Höhenruder (links unten)
F1_Motorhaube_rechts;Rumpf;1;LW-PLA;130.7;123.0;69.7;23.2;
F1_Motorhaube_links;Rumpf;1;LW-PLA;130.7;123.0;69.7;23.2;
F2_Bug_rechts;Rumpf;1;LW-PLA;194.9;174.0;75.0;54.3;mit Steckmuffe nach hinten
F2_Bug_links;Rumpf;1;LW-PLA;194.9;174.0;75.0;55.1;mit Steckmuffe nach hinten
F3_Kabine_rechts;Rumpf;1;LW-PLA;198.0;174.0;75.0;57.5;mit Steckmuffe nach hinten
F3_Kabine_links;Rumpf;1;LW-PLA;198.0;174.0;75.0;57.5;mit Steckmuffe nach hinten
F4_Rumpfmitte_rechts;Rumpf;1;LW-PLA;177.6;174.0;74.0;29.0;mit Steckmuffe nach hinten
F4_Rumpfmitte_links;Rumpf;1;LW-PLA;177.6;174.0;74.0;29.0;mit Steckmuffe nach hinten
F5_Heckkonus_rechts;Rumpf;1;LW-PLA;183.0;86.8;48.5;15.4;mit Steckmuffe nach hinten
F5_Heckkonus_links;Rumpf;1;LW-PLA;183.0;86.8;48.5;15.4;mit Steckmuffe nach hinten
F6_Heck_rechts;Rumpf;1;LW-PLA;151.4;45.7;23.9;7.3;
F6_Heck_links;Rumpf;1;LW-PLA;151.4;45.7;23.9;7.1;
S3_Rueckenflosse;Leitwerk;1;LW-PLA;111.6;28.3;5.0;2.3;"flach drucken; auf den Rumpfrücken (F5) und an die Vorderkante der Seitenflosse kleben"
P1_Motorbock;Antrieb;1;PETG;52.0;52.0;93.0;15.3;"Motor vorn mit 4x M3 anschrauben, hinten mit 4x M3 an den Brandschott; Hitze -> PETG"
P2_Spinner;Antrieb;1;PLA;48.2;48.2;45.0;9.7;"offene Seite nach unten drucken; 4x M2.5x10 Blechschrauben in die Domen"
P3_Spinnerplatte;Antrieb;1;PETG;50.0;50.0;3.0;7.2;mit Mitnehmer/Propelleradapter verschrauben
G1_Reifen;Fahrwerk;3;TPU;55.0;55.0;18.0;3.9;TPU 95A, 2 Hauptreifen + 1 Bugreifen (1-2 mm Wand reicht)
G2_Radnabe;Fahrwerk;3;PLA;38.0;38.0;16.0;2.1;"Reifen aufkleben (Sekundenkleber); Achsbohrung 4,2 mm (Haupt), Bugrad auf 3 mm aufbohren"
G3_Hauptfahrwerk_Klemme_unten;Fahrwerk;1;PETG;30.0;52.0;8.8;10.1;"auf den Rumpfboden kleben; Draht 4 mm Federstahl"
G4_Hauptfahrwerk_Klemme_oben;Fahrwerk;1;PETG;30.0;52.0;6.0;6.5;2x M3x12 Blechschrauben in die Bohrungen des unteren Blocks
G5_Bugfahrwerkslager;Fahrwerk;1;PETG;27.7;26.0;34.7;17.4;"auf Rumpfboden und Brandschott kleben; 3-mm-Federstahl, Messingrohr 4/3 optional"
G6_Lenkhebel;Fahrwerk;1;PETG;22.0;10.0;9.0;1.2;M3-Madenschraube klemmt auf dem 3-mm-Bugfahrwerksdraht
G7_Bugradgabel;Fahrwerk;1;PETG;16.0;29.5;51.5;11.8;"Bruecke liegt auf dem Druckbett; 3-mm-Draht einkleben, Achse 3-mm-Stab (Stellringe)"
G8_Radverkleidung_rechts_aussen;Fahrwerk;1;LW-PLA;106.0;48.5;14.5;2.4;"Radverkleidung (optional); Hälften verkleben, auf Achse stecken, mit Sekundenkleber am Draht sichern"
G8_Radverkleidung_rechts_innen;Fahrwerk;1;LW-PLA;106.0;48.5;14.5;2.4;"Radverkleidung (optional); Hälften verkleben, auf Achse stecken, mit Sekundenkleber am Draht sichern"
G8_Radverkleidung_links_aussen;Fahrwerk;1;LW-PLA;106.0;48.5;14.5;2.4;"Radverkleidung (optional); Hälften verkleben, auf Achse stecken, mit Sekundenkleber am Draht sichern"
G8_Radverkleidung_links_innen;Fahrwerk;1;LW-PLA;106.0;48.5;14.5;2.4;"Radverkleidung (optional); Hälften verkleben, auf Achse stecken, mit Sekundenkleber am Draht sichern"
G9_Radverkleidung_Bug_rechts;Fahrwerk;1;LW-PLA;106.0;48.4;20.0;2.5;"Bugrad-Verkleidung (optional); Achse Ø3 geht durch Gabel und Verkleidung"
G9_Radverkleidung_Bug_links;Fahrwerk;1;LW-PLA;106.0;48.4;20.0;2.5;Bugrad-Verkleidung (optional)
Z1_Strebe_rechts;Streben;1;PLA;180.6;182.0;5.0;8.4;"kosmetisch; mit Epoxy an Rumpfseite und Flügelunterseite kleben"
Z1_Strebe_links;Streben;1;PLA;180.6;182.0;5.0;8.4;"kosmetisch; mit Epoxy an Rumpfseite und Flügelunterseite kleben"
